id,id_–ø–æ—Å—Ç–∞,–¥–∞—Ç–∞_–ø–æ—Å—Ç–∞,–¥–µ–Ω—å_–Ω–µ–¥–µ–ª–∏,–∫–æ–ª–∏—á–µ—Å—Ç–≤–æ_–ª–∞–π–∫–æ–≤,—Ç–µ–∫—Å—Ç_–ø–æ—Å—Ç–∞
1,1292,2025-09-24 22:10:33,3,16,"–ù–µ–π—Ä–æ—Ñ–æ—Ç–æ–≥—Ä–∞—Ñ–∏–∏) –≤—ã—à–ª–æ –∑–∞–¥–æ—Ä–Ω–æ, —Å–æ –≤–∫—É—Å–æ–º. –ù–µ–π—Ä–æ—Å–µ—Ç—å –ø–æ—Å—Ç–∞—Ä–∞–ª–∞—Å—å üòÅ –µ—Å–ª–∏ —Ö–æ—Ç–∏—Ç–µ —Å–µ–±–µ –Ω–µ–æ–±—ã—á–Ω—É—é —Ñ–æ—Ç–æ—Å–µ—Å—Å–∏—é –æ–±—Ä–∞—â–∞–π—Ç–µ—Å—å –∫ üëáüëáüëá https://vk.com/elenamilovidnaya"
2,1291,2025-09-10 23:40:33,3,1,–ü–æ—Å–µ—Ç–∏–ª —Ü–µ–Ω—Ç—Ä–∞–ª—å–Ω—ã–π –º–∞—Ç—á —Ç—É—Ä–∞ –∫—É–±–∫–∞ –†–æ—Å—Å–∏–∏ üá∑üá∫ –ö—Ä–∏—Å—Ç–∞–ª–ª-–ú–≠–ó–¢ (–ë–æ—Ä–∏—Å–æ–≥–ª–µ–±—Å–∫) 1:0 –°–ø–∞—Ä—Ç–∞–∫ (–¢–∞–º–±–æ–≤)
3,1290,2025-09-09 20:22:44,2,1,[–¢–µ–∫—Å—Ç –æ—Ç—Å—É—Ç—Å—Ç–≤—É–µ—Ç]
4,1289,2025-09-07 13:04:33,7,0,[–¢–µ–∫—Å—Ç –æ—Ç—Å—É—Ç—Å—Ç–≤—É–µ—Ç]
5,1288,2025-08-31 12:28:05,7,26,"5 30 —É—Ç—Ä–∞, –≤—Å—Ç—Ä–µ—á–∞–ª–∏ –ø–æ—Å–ª–µ–¥–Ω–∏–π —Ä–∞—Å—Å–≤–µ—Ç –ª–µ—Ç–∞ ‚òÄÔ∏è 7 –∫–º –≤ –ª–µ–≥–∫–æ–º —Ç–µ–º–ø–µ —Å –ø–µ—Ä–µ—Ä—ã–≤–∞–º–∏ –Ω–∞ –ª—é–±–æ–≤–∞–Ω–∏–µ –ø–µ–π–∑–∞–∂–∞–º–∏ üå´Ô∏è"
6,1287,2025-08-30 22:36:19,6,23,"30.08 —Å—É–±–±–æ—Ç–∞. –¶–µ–Ω—Ç—Ä–∞–ª—å–Ω—ã–π –ø–∞—Ä–∫. 5 –≤–µ—Ä—Å—Ç, –æ—á–µ—Ä–µ–¥–Ω–æ–π –∑–∞–±–µ–≥ üèÉ–∞ —á—Ç–æ –∂–µ –±—É–¥–µ—Ç –∑–∞–≤—Ç—Ä–∞ ü§îü§´"
7,1286,2025-08-22 18:27:46,5,6,"–í –≤–æ–∑—Ä–∞—Å—Ç–µ 78 –ª–µ—Ç —Å–∫–æ–Ω—á–∞–ª—Å—è –ø–µ–≤–µ—Ü –Ø—Ä–æ—Å–ª–∞–≤ –ï–≤–¥–æ–∫–∏–º–æ–≤, –∞–≤—Ç–æ—Ä –∏ –∏—Å–ø–æ–ª–Ω–∏—Ç–µ–ª—å –ø–µ—Å–Ω–∏ ""–§–∞–Ω—Ç–∞–∑–µ—Ä"" 
–ü–µ—Å–Ω—è —É—à–ª–∞ –≤ –Ω–∞—Ä–æ–¥ –∏ —Å—á–∏—Ç–∞–µ—Ç—Å—è –æ–¥–Ω–æ–π –∏–∑ –∫—É–ª—å—Ç–æ–≤—ã—Ö"
8,1285,2025-08-20 21:41:42,3,17,"–ü–æ—Å–µ—Ç–∏–ª –º–∞—Ç—á –∫—É–±–∫–∞ –†–æ—Å—Å–∏–∏ ¬´–ö—Ä–∏—Å—Ç–∞–ª–ª-–ú–≠–ó–¢¬ª / ¬´–ú—É—Ä–æ–º¬ª
–ü–æ–±–µ–¥–∞ –∑–∞ –∫–æ–º–∞–Ω–¥–æ–π –∏–∑ –ë–æ—Ä–∏—Å–æ–≥–ª–µ–±—Å–∫–∞ üèÜ"
9,1281,2025-07-13 11:27:48,7,29,"12.07 –ø–æ—É—á–∞—Å—Ç–≤–æ–≤–∞–ª –≤ –æ—á–µ—Ä–µ–¥–Ω–æ–º —Å—Ç–∞—Ä—Ç–µ –Ω–∞ 5 –∫–º. –°–∞–º—ã–π —Ç—è–∂–µ–ª—ã–π –∑–∞–±–µ–≥ –≤ –∂–∞—Ä—É, –æ–¥–Ω–∞–∫–æ –∏—Å–ø—ã—Ç–∞–Ω–∏–µ –ø—Ä–æ–π–¥–µ–Ω–æ –∏ —Å–Ω–æ–≤–∞ –∑–∞—Ä—è–¥ –ø–æ–ª–æ–∂–∏—Ç–µ–ª—å–Ω—ã—Ö —ç–º–æ—Ü–∏–π –ø–æ–ª—É—á–µ–Ω üòå"
10,1280,2025-06-29 20:09:17,7,14,"28.06.2025 - –≤ 9 —É—Ç—Ä–∞, —Å–æ–≤–º–µ—Å—Ç–Ω–æ —Å –±–µ–≥–æ–≤—ã–º –∫–ª—É–±–æ–º –æ—Å—É—â–µ—Å—Ç–≤–∏–ª–∏ –ø—Ä–æ–±–µ–∂–∫—É 5 –∫–º –ø–æ —Ü–µ–Ω—Ç—Ä–∞–ª—å–Ω–æ–º—É –ø–∞—Ä–∫—É! –ë—ã–ª–æ –∑–¥–æ—Ä–æ–≤–æ üëç –ë—É–¥—É —É—á–∞—Å—Ç–≤–æ–≤–∞—Ç—å –∏ –¥–∞–ª—å—à–µ –≤ –ø–æ–¥–æ–±–Ω—ã—Ö –º–µ—Ä–æ–ø—Ä–∏—è—Ç–∏—è—Ö üôÇ"
11,1279,2025-06-14 22:14:07,6,4,–ù–µ—Ç —Å–ª–æ–≤) —ç—Ç–æ –Ω—É–∂–Ω–æ –ø—Ä–æ—Å—Ç–æ –ø–æ—Å–ª—É—à–∞—Ç—å üôÇ
12,1278,2025-06-12 20:33:02,4,22,"–í—ã–±–∏—Ä–∞–µ–º –ª—É—á—à–µ–µ —Ñ–æ—Ç–æ, —Ö–æ—Ç—è —Ä–∞–∑–≤–µ –º–æ–∂–Ω–æ –≤—ã–±–∏—Ä–∞—Ç—å, –æ–Ω–∏ –≤—Å–µ –ø—Ä–µ–∫—Ä–∞—Å–Ω—ã üòÅ"
13,1277,2025-06-08 21:31:23,7,5,"–ù–µ–º–Ω–æ–≥–æ –∑–∞–ø–∏—Å–∞–ª –∫–æ–º–ø–æ–∑–∏—Ü–∏–∏ —Å —Ñ–µ—Å—Ç–∏–≤–∞–ª—è, —ç—Ç–æ –ª–∏—à—å –º–∞–ª–∞—è —á–∞—Å—Ç—å, –≤ —Ç–µ—á–µ–Ω–∏–∏ –≤—Å–µ–≥–æ –¥–Ω—è –≤—ã—Å—Ç—É–ø–∞–ª–∏ —Å–∞–º—ã–µ —Ä–∞–∑–Ω—ã–µ –∞—Ä—Ç–∏—Å—Ç—ã, –≤ –¥–∞–Ω–Ω–æ–º —Ñ—Ä–∞–≥–º–µ–Ω—Ç–µ –≤ –æ—Å–Ω–æ–≤–Ω–æ–º Niletto, –∫–∞–∫ —Ö—ç–¥–ª–∞–π–Ω–µ—Ä —ç—Ç–æ–≥–æ –≤–µ—á–µ—Ä–∞, —Å–º–æ—Ç—Ä–∏–º üôÇ"
14,1274,2025-06-08 12:51:49,7,32,"–°–æ—Ä–µ–≤–Ω–æ–≤–∞–Ω–∏—è –ø–æ –ø–ª—è–∂–Ω–æ–º—É –≤–æ–ª–µ–π–±–æ–ª—É –Ω–∞ –ö—É–¥—ã–∫–∏–Ω–æ–π –≥–æ—Ä–µ, –±—ã–ª –∏–Ω—Ç–µ—Ä–µ—Å–Ω—ã–π –æ–ø—ã—Ç –∏–≥—Ä—ã –Ω–∞ –ø–ª—è–∂–∫–µ, –ø–æ–ª—É—á–µ–Ω—ã –ø–æ–∑–∏—Ç–∏–≤–Ω—ã–µ —ç–º–æ—Ü–∏–∏ !üôÇ"
15,1273,2025-06-08 09:48:24,7,14,–†—ã–∫ –ì–æ—Ä—ã–Ω—ã—á–∞
16,1272,2025-06-08 08:57:54,7,13,"Niletto, –ö—É–¥—ã–∫–∏–Ω–∞ –ì–æ—Ä–∞ 7.06.2025 —Ñ–µ—Å—Ç–∏–≤–∞–ª—å —Å–ø–æ—Ä—Ç –∏ –º—É–∑—ã–∫–∞ 
–ü–µ—Å–Ω—è –õ—é–±–∏–º–∫–∞ )"
17,1271,2025-06-01 13:15:13,7,15,–í—ã–∫–ª–∞–¥—ã–≤–∞—é –∫—Ä–∞–π–Ω–∏–µ —Ñ–æ—Ç–æ –Ω–∞ –¥–∞–Ω–Ω—ã–π –º–æ–º–µ–Ω—Ç üòÄ
18,1270,2025-06-01 11:13:29,7,7,–í—Å—Ç—Ä–µ—Ç–∏–ª–∏ —Ä–∞—Å—Å–≤–µ—Ç üòä
19,1268,2025-06-01 08:20:28,7,27,"–£—Ç—Ä–æ –≤–æ—Å–∫—Ä–µ—Å–µ–Ω—å—è 4:00, —É –≤—Å–µ—Ö —Å–æ–Ω, –∞ —É –Ω–∞—Å –ø—Ä–æ–±–µ–∂–∫–∞ –Ω–∞ 12 –∫–ºüôÇ –ø–µ—Ä–≤—ã–µ 10 —Ñ–æ—Ç–æ –≤ —Å—Ç—É–¥–∏—é !)"
20,1266,2025-05-18 12:22:43,7,29,–ê –≤–æ—Ç –∏ –ø—Ä–æ—Ñ–µ—Å—Å–∏–æ–Ω–∞–ª—å–Ω—ã–µ —Ñ–æ—Ç–æ–≥—Ä–∞—Ñ–∏–∏ –ø–æ–¥—ä–µ—Ö–∞–ª–∏ üòå
21,1264,2025-05-17 18:33:38,6,24,"–ü—Ä–∏–Ω—è–ª–∏ —É—á–∞—Å—Ç–∏–µ –≤ —Å—Ç–∞–ª—å–Ω–æ–º —Ö–∞—Ä–∞–∫—Ç–µ—Ä–µ –Ω–∞ 7 –∫–º, —Å–ø–∞—Å–∏–±–æ –∫–æ–º–∞–Ω–¥–µ, –≤—Å–µ –±–æ–ª—å—à–∏–µ –º–æ–ª–æ–¥—Ü—ã, –ø—Ä–æ—à–ª–∏ —ç—Ç–æ –∏—Å–ø—ã—Ç–∞–Ω–∏–µ —Å —á–µ—Å—Ç—å—é, –≤–∑–∞–∏–º–æ–≤—ã—Ä—É—á–∫–∞ –∏ –ø–æ–¥–¥–µ—Ä–∂–∫–∞ –¥—Ä—É–≥ –¥—Ä—É–≥–∞ –ø–æ–¥—Å—Ç–µ–≥–∏–≤–∞–ª–∞ –∫–æ–ª–ª–µ–∫—Ç–∏–≤ –∫ –¥–æ—Å—Ç–∏–∂–µ–Ω–∏—é –ø–æ—Å—Ç–∞–≤–ª–µ–Ω–Ω–æ–π —Ü–µ–ª–∏! –ú—ã —Å–ø—Ä–∞–≤–∏–ª–∏—Å—å, –æ—Å—Ç–∞–ª–∏—Å—å –æ–¥–Ω–∏ –ø–æ–ª–æ–∂–∏—Ç–µ–ª—å–Ω—ã–µ —ç–º–æ—Ü–∏–∏. –ì–∞–∑–ø—Ä–æ–º–±–∞–Ω–∫ —Ä—É–ª–∏—Ç ü§ü"
22,1263,2025-05-14 09:16:53,3,7,"–°–ª–µ–¥—É—é—â–∏–π –∫–æ–Ω—Ç–µ–Ω—Ç —Å –ß–µ—á–Ω–∏ ‚Äî–ø–æ–µ–∑–¥–∫–∞ –Ω–∞ –∫–∞—Ç–µ—Ä–µ, –≤—Å–µ —ç–∫—Å—Ç—Ä–µ–º–∞–ª—å–Ω—ã–µ –º–æ–º–µ–Ω—Ç—ã –±—ã–ª–∏ –Ω–µ —Å–Ω—è—Ç—ã –ø–æ –ø–æ–Ω—è—Ç–Ω—ã–º –ø—Ä–∏—á–∏–Ω–∞–º üòÄüôÇ"
23,1257,2025-05-11 20:59:23,7,33,[–¢–µ–∫—Å—Ç –æ—Ç—Å—É—Ç—Å—Ç–≤—É–µ—Ç]
24,1256,2025-05-11 20:55:18,7,14,"–í–ø–µ—Ä–≤—ã–µ –ø—É—Ç–µ—à–µ—Å—Ç–≤—É—é —Ç–∞–∫–∏–º –æ–±—Ä–∞–∑–æ–º, –∞–≤—Ç–æ–±—É—Å–Ω—ã–π —Ç—É—Ä –¥–æ –ß–µ—á–Ω–∏, –î–∞–≥–µ—Å—Ç–∞–Ω–∞, –¥–æ—Ä–æ–≥—É –º–æ–∂–Ω–æ –ø–æ—Ç–µ—Ä–ø–µ—Ç—å —Ä–∞–¥–∏ —Ç–∞–∫–∏—Ö —ç–º–æ—Ü–∏–π! –°–æ–±—Ä–∞–ª–∞—Å—å –æ–≥—Ä–æ–º–Ω–∞—è –≥—Ä—É–ø–ø–∞ –∏–∑ 50-—Ç–∏ —á–µ–ª–æ–≤–µ–∫, –æ–¥–Ω–∞–∫–æ –æ—Ä–≥–∞–Ω–∏–∑–∞—Ç–æ—Ä—ã –≤ –ª–∏—Ü–µ [id330175821|–ú–∏—Ö–∞–∏–ª –ì–∞–µ–≤—Å–∫–∏–π] –∏ [id27292907|–î–º–∏—Ç—Ä–∏–π –ú–∞–Ω—É–∫–æ–≤—Å–∫–∏–π] —Å–ø—Ä–∞–≤–∏–ª–∏—Å—å –Ω–∞ —É—Ä–∞! –ü–æ–∑–Ω–∞–∫–æ–º–∏–ª—Å—è —Å –æ—Ç–ª–∏—á–Ω—ã–º–∏ –ª—é–¥—å–º–∏, —É–≤–∏–¥–µ–ª, –¥–∞–∂–µ –æ—Ç–∫—Ä—ã–ª –¥–ª—è —Å–µ–±—è —Ä–µ—Å–ø—É–±–ª–∏–∫—É —Å —Ä–∞–∑–Ω—ã—Ö —Å—Ç–æ—Ä–æ–Ω. –ú–æ—Ä–µ –≤–ø–µ—á–∞—Ç–ª–µ–Ω–∏–π, —è—Ä–∫–∏—Ö –∏ –Ω–µ–∑–∞–±—ã–≤–∞–µ–º—ã—Ö –ª–æ–∫–∞—Ü–∏–π! –ê –≥–ª–∞–≤–Ω–æ–µ —Ö–æ—Ä–æ—à–æ –∏ –Ω–µ—Å–∫—É—á–Ω–æ –ø—Ä–æ–≤–µ–ª —Å–≤–æ–µ –≤—Ä–µ–º—èüôÇ
#–Ω–µ—Å–∫—É—á–Ω—ã–π–¥–µ–Ω—å"
25,1255,2025-05-11 12:00:29,7,20,"–î–µ–Ω—å 3-–π 
–ü–æ—Å–µ—Ç–∏–ª–∏ –°—É–ª–∞–∫—Å–∫–∏–π –∫–∞–Ω—å–æ–Ω, –æ—Å—É—â–µ—Å—Ç–≤–∏–ª–∏ –ø—Ä–æ–≥—É–ª–∫—É –Ω–∞ –∫–∞—Ç–µ—Ä–∞—Ö –ø–æ –ß–∏—Ä–∫–µ–π—Å–∫–æ–º—É –≤–æ–¥–æ—Ö—Ä–∞–Ω–∏–ª–∏—â—É –∏ –æ—Ç–≤–µ–¥–∞–ª–∏ –ø—Ä–µ–∫—Ä–∞—Å–Ω—É—é —Ñ–æ—Ä–µ–ª—å, —Å —Å–æ–±—Å—Ç–≤–µ–Ω–Ω–æ–π —Ñ–µ—Ä–º—ã –∑–∞–≤–µ–¥–µ–Ω–∏—è!"
26,1253,2025-05-10 08:21:34,6,51,"2 –¥–µ–Ω—å
–ü–æ–±—ã–≤–∞–ª–∏ –Ω–∞ –æ–∑–µ—Ä–µ –ö–µ–∑–µ–Ω–æ–π-–ê–º, —É–≤–∏–¥–µ–ª–∏ –≤–µ–ª–∏–∫–æ–ª–µ–ø–Ω—ã–µ –ø—Ä–∏—Ä–æ–¥–Ω—ã–µ –ø–µ–π–∑–∞–∂–∏, –ø–æ—Å–µ—Ç–∏–ª–∏ –∑–∞–±—Ä–æ—à–µ–Ω–Ω–æ–µ —Å–µ–ª–æ –∏ –ø—Ä–æ—Å—Ç–æ —Ö–æ—Ä–æ—à–æ –ø—Ä–æ–≤–µ–ª–∏ –≤—Ä–µ–º—è üôÇ"
27,1252,2025-05-09 07:19:12,5,23,"–ú–Ω–æ–≥–æ —Ö–æ—Ä–æ—à–∏—Ö –≤–ø–µ—á–∞—Ç–ª–µ–Ω–∏–π –æ—Å—Ç–∞–ª–æ—Å—å –æ—Ç –≥.–ì—Ä–æ–∑–Ω–æ–≥–æ, —Å—Ç–æ–ª–∏—Ü—ã –ß–µ—á–µ–Ω—Å–∫–æ–π —Ä–µ—Å–ø—É–±–ª–∏–∫–∏. –ß–∏—Å—Ç–æ, –∫—Ä–∞—Å–∏–≤–æ, –±–µ–∑–æ–ø–∞—Å–Ω–æ."
28,1251,2025-04-20 08:57:22,7,16,"–°—ã–≥—Ä–∞–ª–∏ –≤ –º–∏–Ω–∏ —Ñ—É—Ç–±–æ–ª –≤ —Ä–∞–º–∫–∞—Ö –∫—É–±–∫–∞ —Ä–µ–∫—Ç–æ—Ä–∞ –í–ì–£–ò–¢. –ü–æ–∫–∞–∑–∞–ª–∏ –¥–æ—Å—Ç–æ–π–Ω—É—é –∏–≥—Ä—É, –∑–æ–Ω—ã —Ä–æ—Å—Ç–∞ –æ–ø—Ä–µ–¥–µ–ª–∏–ª–∏, –∫ —Å–ª–µ–¥—É—é—â–µ–º—É —Ç—É—Ä–Ω–∏—Ä—É –±—É–¥–µ–º –µ—â—ë –ª—É—á—à–µ üòéüî•"
29,1248,2025-03-29 17:39:16,6,7,–ü–æ –∑–∞—è–≤–∫–∞–º —Ç—Ä—É–¥—è—â–∏—Ö—Å—è) –ø–æ–ª–Ω–∞—è –≤–µ—Ä—Å–∏—è —Å –≤—ã—Å—Ç—É–ø–ª–µ–Ω–∏—è –ì–æ—Å—É–¥–∞—Ä—Å—Ç–≤–µ–Ω–Ω–æ–≥–æ –∞–∫–∞–¥–µ–º–∏—á–µ—Å–∫–æ–≥–æ –í–æ—Ä–æ–Ω–µ–∂—Å–∫–æ–≥–æ —Ä—É—Å—Å–∫–æ–≥–æ –Ω–∞—Ä–æ–¥–Ω–æ–≥–æ —Ö–æ—Ä–∞ –∏–º. –ö.–ò. –ú–∞—Å—Å–∞–ª–∏—Ç–∏–Ω–æ–≤–∞. –ù–æ–≤—ã–π –¥–ª—è –º–µ–Ω—è –æ–ø—ã—Ç –∏ –∫—Ä–∞–π–Ω–µ –ø–æ–ª–æ–∂–∏—Ç–µ–ª—å–Ω—ã–π. –ë—ã–ª–æ —É–≤–ª–µ–∫–∞—Ç–µ–ª—å–Ω–æ üòâ
88,1101,2023-06-11 20:34:16,7,4,–î–∞–≤–Ω–æ –Ω–µ –±—ã–ª–æ —Ç—Ä–æ—Ñ–µ–µ–≤ üòÑ
30,1247,2025-03-27 18:38:27,4,19,"–ó–∞–∫–ª—é—á–∏—Ç–µ–ª—å–Ω–∞—è –∏–≥—Ä–∞ –ø—Ä–æ—Ç–∏–≤ –°–±–µ—Ä–∞ –≤–∞—à–µ–º—É –≤–Ω–∏–º–∞–Ω–∏—é. –¢—Ä–µ–Ω–∏—Ä–æ–≤–∫–∏ –Ω–µ –ø—Ä–æ—Ö–æ–¥—è—Ç –¥–∞—Ä–æ–º, —Å—Ç–∞–Ω–æ–≤–∏–º—Å—è –ª—É—á—à–µ, —Å–∏–ª—å–Ω–µ–µ –∏ –≤ —Å–ª–µ–¥—É—é—â–µ–º —Å–µ–∑–æ–Ω–µ –º—ã –µ—â–µ –ø–æ–∫–∞–∂–µ–º üôÇüòÑüí™"
31,1246,2025-03-26 09:27:33,3,16,"–ü–æ—Å–ª–µ–¥–Ω–∏–µ –Ω–∞–ø—Ä—è–∂—ë–Ω–Ω—ã–µ 5 –º–∏–Ω—É—Ç –∏ –¥–æ–ª–≥–æ–∂–¥–∞–Ω–Ω—ã–π –≥–æ–ª, –∫–æ—Ç–æ—Ä—ã–π –¥–∞—Ä–∏—Ç –Ω–µ–∑–∞–±—ã–≤–∞–µ–º—ã–µ —ç–º–æ—Ü–∏–∏ –∏ 3 –º–µ—Å—Ç–æ !"
32,1245,2025-03-16 22:17:12,7,12,–ò –ø–æ–±–µ–¥–Ω—ã–π –≤–∏–¥–æ—Å–∏–∫!) üòÅ
33,1242,2025-03-16 19:37:30,7,30,"–ü–æ–±–µ–¥–∞ !!! –ì–∞–∑–ø—Ä–æ–º–±–∞–Ω–∫ 3:0 FTNET
–ü—Ä–æ—è–≤–∏–ª–∏ –≤—Å–µ —Å–≤–æ–∏ –ª—É—á—à–∏–µ –∫–∞—á–µ—Å—Ç–≤–∞, –ø–æ–∫–∞–∑–∞–ª–∏ –æ—Ç–ª–∏—á–Ω—É—é –∏–≥—Ä—É –∏ –∑–∞—Å–ª—É–∂–µ–Ω–Ω–æ –≤–∑—è–ª–∏ 3 –ø–∞—Ä—Ç–∏–∏üí• –í—Å–µ –±–æ–ª—å—à–∏–µ –º–æ–ª–æ–¥—Ü—ã üëè"
34,1240,2025-03-15 18:37:22,6,24,"–í –ø—è—Ç–Ω–∏—Ü—É —Å–æ—Å—Ç–æ—è–ª—Å—è —Ç—É—Ä–Ω–∏—Ä –ø–æ –Ω–∞—Å—Ç–æ–ª—å–Ω–æ–º—É —Ç–µ–Ω–Ω–∏—Å—É —Å–æ–≤–º–µ—Å—Ç–Ω–æ —Å –í–ì–£–ò–¢, 3 –º–µ—Å—Ç–æ –Ω–∞—à–µ ü•â –∏ –≤–∞—à–µ–º—É –≤–Ω–∏–º–∞–Ω–∏—é –Ω–µ—Å–∫–æ–ª—å–∫–æ —Ñ–æ—Ç–æ —Å –º–µ—Ä–æ–ø—Ä–∏—è—Ç–∏—èüôÇ"
35,1239,2025-03-07 19:39:46,5,1,https://rutube.ru/video/12dc223f8c253fe24f860778ab0a186e/
36,1237,2025-03-07 16:30:36,5,28,"–ù–µ–º–Ω–æ–≥–æ –∫–∞–¥—Ä–æ–≤ —Å —Ñ–æ—Ç–æ—Å–µ—Å—Å–∏–∏ —Ñ—É—Ç–±–æ–ª—å–Ω–æ–≥–æ –∫–ª—É–±–∞ [club169570833|–§–ö ¬´–ö–∞–∑–∞—á–æ–∫¬ª –í–æ—Ä–æ–Ω–µ–∂ | FC Kazatchok] 
–•–æ—Ç–∏—Ç–µ –±–æ–ª—å—à–µ —Å–æ—á–Ω—ã—Ö —Ñ–æ—Ç–æ–∫–∞—Ä—Ç–æ—á–µ–∫? –ü–µ—Ä–µ—Ö–æ–¥–∏–º –≤ —Å–æ–æ–±—â–µ—Å—Ç–≤–æ –∏ –Ω–∞—Å–ª–∞–∂–¥–∞–µ–º—Å—è üòâ"
37,1236,2025-03-07 00:06:08,5,54,[–¢–µ–∫—Å—Ç –æ—Ç—Å—É—Ç—Å—Ç–≤—É–µ—Ç]
38,1235,2025-02-21 15:48:13,5,4,–ú–æ—â–Ω–æ ü§ò
39,1234,2025-01-30 23:19:06,4,2,–ï–µ–µ —Ä–æ–∫ ü§ò
40,1233,2025-01-28 21:22:10,2,22,–ù–∞—à–∞ –ª—É—á—à–∞—è —Ñ–æ—Ç–æ–≥—Ä–∞—Ñ–∏—è ‚ù§Ô∏è
41,1232,2025-01-19 23:44:33,7,12,"–ü–æ—Å—Ç—Ä–µ–ª—è–ª —á—É—Ç—å-—á—É—Ç—å ü§è, –Ω–µ–æ–±—Ö–æ–¥–∏–º–æ –±–æ–ª—å—à–µ –ø—Ä–∞–∫—Ç–∏–∫–∏, –Ω—É–∂–Ω–æ —á–∞—â–µ –ø—Ä–∞–∫—Ç–∏–∫–æ–≤–∞—Ç—å—Å—è üòÅ –ê —Ç–∞–∫ –æ—á–µ–Ω—å –¥–æ–≤–æ–ª–µ–Ω, –ø–æ–ª—É—á–∏–ª –ø—Ä–∏—Ç–æ–∫ –∞–¥—Ä–µ–Ω–∞–ª–∏–Ω–∞ ‚ö°"
42,1230,2025-01-19 22:18:09,7,5,–ß—Ç–æ-—Ç–æ –Ω–µ–≤–µ—Ä–æ—è—Ç–Ω–æ–µ üòå
43,1229,2025-01-15 20:38:40,3,10,[–¢–µ–∫—Å—Ç –æ—Ç—Å—É—Ç—Å—Ç–≤—É–µ—Ç]
44,1223,2025-01-12 21:38:25,7,17,"–ú—ã –±—ã–ª–∏ –±–ª–∏–∑–∫–∏, –æ–¥–Ω–∞–∫–æ –Ω–µ –≤ —ç—Ç–æ—Ç —Ä–∞–∑) —Ç—Ä–µ–Ω–∏—Ä—É–µ–º—Å—è –¥–∞–ª—å—à–µ üòÅ"
45,1221,2025-01-05 23:49:10,7,7,–ù–æ–≤–æ–≥–æ–¥–Ω—è—è –ø–µ—Å–Ω—è –≤ —Ä–æ–∫ –∏—Å–ø–æ–ª–Ω–µ–Ω–∏–∏ ü§ò
46,1217,2025-01-05 16:13:32,7,23,–í—Ä–µ–º—è –Ω–∞—Å—Ç–æ–ª—å–Ω–æ–≥–æ —Ç–µ–Ω–Ω–∏—Å–∞ ü´°
47,1216,2025-01-04 00:16:16,6,26,[–¢–µ–∫—Å—Ç –æ—Ç—Å—É—Ç—Å—Ç–≤—É–µ—Ç]
48,1214,2024-12-31 13:17:07,2,15,"–í–æ—Ç –∏ –ø—Ä–æ—à–µ–ª 2024 –≥–æ–¥. –ú–Ω–æ–≥–∏–µ –ø–∏—à—É—Ç –∏—Ç–æ–≥–∏, –Ω–∞–ø–∏—à—É –∏ —è. –û–Ω –±—ã–ª –Ω–µ–ø—Ä–æ—Å—Ç—ã–º, –æ–¥–Ω–∞–∫–æ –ø–æ–¥–∞—Ä–∏–ª –≤–µ—Å—å —Å–ø–µ–∫—Ç—Ä —ç–º–æ—Ü–∏–π, –±—ã–ª–∏ –∫–∞–∫ –ø–æ–±–µ–¥—ã, —Ç–∞–∫ –∏ –ø–æ—Ä–∞–∂–µ–Ω–∏—è, —Ä–∞–¥–æ—Å—Ç—å –∏ –≥—Ä—É—Å—Ç—å, —á—ë—Ä–Ω–æ–µ –∏ –±–µ–ª–æ–µ –ø–µ—Ä–µ–ø–ª–µ—Ç–∞–ª–æ—Å—å –≤ –µ–¥–∏–Ω—ã–π —Å–∏–º–≤–æ–ª –≤—Å–µ–ª–µ–Ω–Ω–æ–π –∫–∞–∫ –∏–Ω—å-—è–Ω—å. –û–¥–Ω–∞–∫–æ –ø–æ–∑–∏—Ç–∏–≤–∞ –±—ã–ª–æ –±–æ–ª—å—à–µ) –§—É—Ç–±–æ–ª—å–Ω—ã–π –∫–ª—É–± –≤—Å–µ –µ—â—ë –∂–∏–≤ –Ω–µ—Å–º–æ—Ç—Ä—è –Ω–∏ –Ω–∞ —á—Ç–æ –∏ –ø–æ–∫–∞–∑—ã–≤–∞–µ—Ç –≤–µ–ª–∏–∫–æ–ª–µ–ø–Ω—ã–µ —Ä–µ–∑—É–ª—å—Ç–∞—Ç—ã, –Ω–∞—à–∞ –≤–æ–ª–µ–π–±–æ–ª—å–Ω–∞—è –∫–æ–º–∞–Ω–¥–∞ –±–∞–Ω–∫–∞ –ø–æ–∫–∞–∑–∞–ª–∞ –æ–≥—Ä–æ–º–Ω—ã–π –ø—Ä–æ–≥—Ä–µ—Å—Å –∏ –Ω–µ –∑–∞–º–µ—Ç–∏—Ç—å –ø–æ–∑–∏—Ç–∏–≤–Ω—ã—Ö –∏–∑–º–µ–Ω–µ–Ω–∏–π –∏ —ç–≤–æ–ª—é—Ü–∏–∏ –ø—Ä–æ—Å—Ç–æ –Ω–µ –≤–æ–∑–º–æ–∂–Ω–æ. –°–ø–æ—Ä—Ç–∏–≤–Ω—ã–π –∑–∞–ª –ø—Ä–∏–±–∞–≤–ª—è–µ—Ç —ç–Ω–µ—Ä–≥–∏–∏, –∞ –Ω—ã–Ω–µ—à–Ω—è—è —Ä–∞–±–æ—Ç–∞ –≤—Å–µ —Ç–∞–∫ –∂–µ —É–≤–ª–µ–∫–∞–µ—Ç) 
–í—Å–µ–º —Å–ø–∞—Å–∏–±–æ –∑–∞ —ç—Ç–æ—Ç –≥–æ–¥ –∏ –¥–æ–±—Ä–æ –ø–æ–∂–∞–ª–æ–≤–∞—Ç—å –≤ —Å–ª–µ–¥—É—é—â–∏–π 2025 –≥, –∞ —á—Ç–æ –æ–Ω –Ω–∞–º –≤—Å–µ–º –ø—Ä–∏–Ω–µ—Å–µ—Ç –ø–æ–∫–∞–∂–µ—Ç –≤—Ä–µ–º—è üòâ"
49,1213,2024-12-27 02:13:28,5,15,"–ú–æ–ª–æ–¥—Ü—ã üî• –°–µ–≥–æ–¥–Ω—è –±—ã–ª–∏ –æ–¥–Ω–æ–π –∫–æ–º–∞–Ω–¥–æ–π –∏ –æ—Ç–±–∏–≤–∞–ª–∏ –ø—É—à–µ—á–Ω—ã–µ –∞—Ç–∞–∫–∏ –ø—Ä–æ—Ç–∏–≤–Ω–∏–∫–∞. –ö–∞–∫ –≥–ª–∞—Å–∏—Ç –º—É–¥—Ä–æ—Å—Ç—å, —Ö–æ—á–µ—à—å —Å—Ç–∞—Ç—å –ª—É—á—à–µ, –∏–≥—Ä–∞–π —Å –±–æ–ª–µ–µ —Å–∏–ª—å–Ω—ã–º —Å–æ–ø–µ—Ä–Ω–∏–∫–æ–º. –ò —Å–µ–≥–æ–¥–Ω—è –±—ã–ª –∏–º–µ–Ω–Ω–æ —ç—Ç–æ—Ç —Å–ª—É—á–∞–π. –í—Å–µ–º —Å–ø–∞—Å–∏–±–æ üòå"
50,1212,2024-12-23 01:21:45,1,6,–ü—Ä–µ–∫—Ä–∞—Å–Ω–æ–µ –¥–∞–ª–µ–∫–æ
51,1211,2024-12-22 15:27:04,7,30,[–¢–µ–∫—Å—Ç –æ—Ç—Å—É—Ç—Å—Ç–≤—É–µ—Ç]
52,1210,2024-12-22 15:26:29,7,27,"–ü–æ—Å–µ—Ç–∏–ª —é–±–∏–ª–µ–π, —Ñ–æ—Ç–∫–∏ –≤ —Å—Ç—É–¥–∏—é !)"
53,1201,2024-12-20 23:32:20,5,24,[–¢–µ–∫—Å—Ç –æ—Ç—Å—É—Ç—Å—Ç–≤—É–µ—Ç]
54,1199,2024-12-18 01:52:37,3,16,"–ò –≤–Ω–æ–≤—å –ø—Ä–æ–¥–æ–ª–∂–∞–µ—Ç—Å—è –±–æ–π, –∏ —Å–µ—Ä–¥—Ü—É —Ç—Ä–µ–≤–æ–∂–Ω–æ –≤ –≥—Ä—É–¥–∏ –∏ –ì–∞–∑–ø—Ä–æ–º–±–∞–Ω–∫ —Ç–∞–∫–æ–π –º–æ–ª–æ–¥–æ–π –∏ –¥—Ä—É–∂–Ω—ã–π –∫–æ–ª–ª–µ–∫—Ç–∏–≤ –≤–ø–µ—Ä–µ–¥–∏!) –•–æ—Ä–æ—à–∞—è –∏–≥—Ä–∞, –¥–∞ —ç—Ç–æ —Å–Ω–æ–≤–∞ –ø–æ—Ä–∞–∂–µ–Ω–∏–µ, –æ–¥–Ω–∞–∫–æ –∏ –Ω–∞ –Ω–∞—à–µ–π —É–ª–∏—Ü–µ –±—É–¥–µ—Ç –ø—Ä–∞–∑–¥–Ω–∏–∫ üòåüëå"
55,1198,2024-12-08 20:51:52,7,20,"–ò–Ω–æ–≥–¥–∞, –±—ã–≤–∞–µ—Ç —Ç–∞–∫, —á—Ç–æ —Ç—ã –ø—Ä–æ–∏–≥—Ä–∞–ª, –æ–¥–Ω–∞–∫–æ –±–∏–ª—Å—è, —Å—Ç–∞—Ä–∞–ª—Å—è, —Ü–µ–ø–ª—è–ª—Å—è –∑–∞ –∫–∞–∂–¥–æ–µ –æ—á–∫–æ, –∏–º–µ–Ω–Ω–æ –≤ —Ç–∞–∫–∏—Ö –º–∞—Ç—á–∞—Ö –ø–æ–Ω–∏–º–∞–µ—à—å —Å–æ–±—Å—Ç–≤–µ–Ω–Ω—ã–µ —Å–∏–ª—ã –∏ –Ω–∞ —á—Ç–æ —Ç—ã —Å–ø–æ—Å–æ–±–µ–Ω, —É–≤–µ—Ä–µ–Ω –ø–æ–±–µ–¥—ã –ø—Ä–∏–¥—É—Ç, –∞ —Å–µ–π—á–∞—Å —Å–º–æ—Ç—Ä–∏–º –∏ –Ω–∞—Å–ª–∞–∂–¥–∞–µ–º—Å—è –Ω–∞—Ä–µ–∑–∫–æ–π —Å –∏–≥—Ä—ã –ì–∞–∑–ø—Ä–æ–º–±–∞–Ω–∫-–≠–§–ö–û –≤ —Ä–∞–º–∫–∞—Ö –ö–æ—Ä–ø–æ—Ä–∞—Ç–∏–≤–Ω–æ–π –õ–∏–≥–∏ [club152732225|–í–û–õ–ï–ô–ü–õ–Æ–° ‚Ä¢ –í–æ—Ä–æ–Ω–µ–∂—Å–∫–∞—è —à–∫–æ–ª–∞ –≤–æ–ª–µ–π–±–æ–ª–∞]"
56,1197,2024-12-03 19:54:50,2,15,–í–∞—à–µ–º—É –≤–Ω–∏–º–∞–Ω–∏—é –ø—Ä–µ–¥–æ—Å—Ç–∞–≤–ª—è—é—Ç—Å—è –Ω–µ—Å–∫–æ–ª—å–∫–æ —Ñ–æ—Ç–æ–≥—Ä–∞—Ñ–∏–π —Å –∏—Å—Ç–æ—Ä–∏—á–µ—Å–∫–æ–≥–æ —Ü–µ–Ω—Ç—Ä–∞ –≥–æ—Ä–æ–¥–∞ –†—è–∑–∞–Ω–∏.
57,1196,2024-11-29 01:01:17,5,27,–ë—Ä–∞–≤–æ üëè
58,1193,2024-11-14 23:47:54,4,18,–§–æ—Ç–æ —Å –∫–æ–Ω—Ü–µ—Ä—Ç–∞ Radio Tapok 10.10.24  –≤ —Å—Ç—É–¥–∏—é !)
59,1188,2024-11-07 23:55:30,4,36,"–ü—Ä–æ—Å—Ç–æ –æ—Å—Ç–∞–≤–ª—é —ç—Ç–æ –∑–¥–µ—Å—å, –∫–æ–º–º–µ–Ω—Ç–∞—Ä–∏–∏ –∏–∑–ª–∏—à–Ω–∏üòå"
60,1186,2024-10-11 00:58:57,5,13,–ù–µ–º–Ω–æ–≥–æ –∞—Ç–º–æ—Å—Ñ–µ—Ä—ã —Å –∫–æ–Ω—Ü–µ—Ä—Ç–∞ ü§ò
89,1100,2023-05-20 23:08:37,6,1,–°—É–ø–µ—Ä –æ—Ç—Ä–µ–∑–æ–∫ –∏–∑ —Å–µ—Ä–∏–∞–ª–∞ ¬´–¢–µ–¥ –õ–∞—Å—Å–æ¬ª
90,1099,2023-05-10 23:14:13,3,2,üëç
139,522,2013-01-27 19:15:45,7,14,[–¢–µ–∫—Å—Ç –æ—Ç—Å—É—Ç—Å—Ç–≤—É–µ—Ç]
140,490,2012-10-12 20:16:13,5,5,"–ó—ã—Ä—è–Ω–æ–≤: ""–Ø —Å—á–∏—Ç–∞—é, —á—Ç–æ —Å–±–æ—Ä–Ω–∞—è –†–æ—Å—Å–∏–∏ –≤—ã–∏–≥—Ä–∞–µ—Ç —É –ü–æ—Ä—Ç—É–≥–∞–ª–∏–∏ —Å–æ —Å—á—ë—Ç–æ–º 1:0. –ë—ã–ª –±—ã –æ—á–µ–Ω—å —Ä–∞–¥, –µ—Å–ª–∏ –±—ã –∑–∞–±–∏–ª –ö–µ—Ä–∂–∞–∫–æ–≤"""
141,437,2012-04-22 11:45:20,7,10,–î—É–º–±–∏—è
61,1184,2024-10-05 20:19:15,6,20,"–í–æ—Ç –∏ –ø–æ–¥–æ—à–µ–ª –æ—á–µ—Ä–µ–¥–Ω–æ–π —Ñ—É—Ç–±–æ–ª—å–Ω—ã–π —Å–µ–∑–æ–Ω, –Ω–∞ —ç—Ç–æ—Ç —Ä–∞–∑ —Å—Ä–∞–∑—É 2 –∫–ª—É–±–∞ –∏–∑ —Å–∏—Å—Ç–µ–º—ã –ö–∞–∑–∞—á–∫–∞ —É—á–∞—Å—Ç–≤–æ–≤–∞–ª–∏ –≤ —Ç—É—Ä–Ω–∏—Ä–µ 8 –Ω–∞ 8 –í–õ–ú–§.–û—Å–Ω–æ–≤–∞, –∫–∞–∫ –∏ –¥—É–±–ª—å –≤—ã–ø–æ–ª–Ω–∏–ª–∏ –ø–æ—Å—Ç–∞–≤–ª–µ–Ω—ã–µ –∑–∞–¥–∞—á–∏. –ö–∞–∑–∞—á–æ–∫ –∑–∞–Ω—è–ª 5 –º–µ—Å—Ç–æ –≤ –ß–µ–º–ø–∏–æ–Ω–∞—Ç–µ –í–æ—Ä–æ–Ω–µ–∂–∞, –¥—É–±–ª—å –∑–∞–Ω—è–ª 3 –º–µ—Å—Ç–æ –≤ 4 –¥–∏–≤–∏–∑–∏–æ–Ω–µ –∏ –ø–æ–¥–Ω—è–ª—Å—è –≤ 3-–π. –°–µ–∑–æ–Ω –±—ã–ª —Ç—è–∂—ë–ª—ã–º, –∞ –ø–æ –¥—Ä—É–≥–æ–º—É –∏ –Ω–µ –±—ã–≤–∞–µ—Ç, –≤—Å–µ–≥–¥–∞ –∂–∏–∑–Ω—å –∏—Å–ø—ã—Ç—ã–≤–∞–µ—Ç –Ω–∞—Å, –≥–ª–∞–≤–Ω–æ–µ –Ω–µ—Å–º–æ—Ç—Ä—è –Ω–∏ –Ω–∞ —á—Ç–æ, –Ω–µ –æ—Ç–ø—É—Å–∫–∞—Ç—å —Ä—É–∫–∏, –µ—Å–ª–∏ —É–ø–∞–ª, –ø–æ–¥–Ω–∏–º–∞—Ç—å—Å—è –∏ –∏–¥—Ç–∏ –¥–∞–ª—å—à–µ –∫ —Å–≤–æ–µ–π —Ü–µ–ª–µ.–¢–∞–∫ –∏ –Ω–∞—à –∫–ª—É–±, –∏–º–µ—è –º–Ω–æ–≥–æ –ø—Ä–æ–±–ª–µ–º, –æ—Å–æ–±–µ–Ω–Ω–æ –≤ —Ñ–∏–Ω–∞–Ω—Å–æ–≤–æ–º –ø–ª–∞–Ω–µ, –∫—Ä–µ–ø–∫–æ —Å—Ç–æ–∏—Ç –Ω–∞ –Ω–æ–≥–∞—Ö –∏ —Å–º–æ—Ç—Ä–∏—Ç —Ç–æ–ª—å–∫–æ –≤–ø–µ—Ä–µ–¥, —É—Å—Ç—Ä–µ–º–∏–≤—à–∏—Å—å –∫ –Ω–æ–≤—ã–º –≤—ã–∑–æ–≤–∞–º –∏ –∏—Ö —É—Å–ø–µ—à–Ω–æ–º—É –ø—Ä–µ–æ–¥–æ–ª–µ–Ω–∏—é. –¢–∞–∫ –∂–µ –æ—Ç —Å–µ–±—è —Ö–æ—Ç–µ–ª —Å–∫–∞–∑–∞—Ç—å –±–æ–ª—å—à–æ–µ —Å–ø–∞—Å–∏–±–æ –Ω–∞—à–µ–π –∫–æ–º–∞–Ω–¥–µ, –∫–æ–ª–ª–µ–∫—Ç–∏–≤ —è–≤–ª—è–µ—Ç—Å—è –æ–¥–Ω–∏–º —Ü–µ–ª—ã–º, —Å–µ–º—å–µ–π –∏ —è –≥–æ—Ä–∂—É—Å—å —Ç–µ–º, —á—Ç–æ –≤ –Ω–∞—Å –≤–µ—Ä—è—Ç, –Ω–µ—Å–º–æ—Ç—Ä—è –Ω–∞ –æ—Ç—Å—É—Ç—Å—Ç–≤–∏–µ —Ñ–∏–Ω–∞–Ω—Å–∏—Ä–æ–≤–∞–Ω–∏—è –æ—Å—Ç–∞—é—Ç—Å—è —Å –Ω–∞–º–∏. –£–≤–µ—Ä–µ–Ω –≤–º–µ—Å—Ç–µ –º—ã —Ä–µ—à–∏–º –ª—é–±—ã–µ –ø—Ä–æ–±–ª–µ–º—ã !
–ò –ø–æ —Ç—Ä–∞–¥–∏—Ü–∏–∏ ‚Äî –û–¥–∏–Ω –∑–∞ –≤—Å–µ—Ö –∏ –≤—Å–µ –∑–∞ –ö–∞–∑–∞—á–æ–∫!"
62,1183,2024-10-04 23:03:22,5,16,"–ö–æ—Ä–ø–æ—Ä–∞—Ç–∏–≤ –ì–ü–ë 22.09.24 –¢–µ–∞–ºpark 
–ë—ã–ª–æ –∑–¥–æ—Ä–æ–≤–æ ü§ü"
63,1182,2024-10-04 21:48:41,5,13,"–ò 2 –±–ª–æ–∫, —á–∏—Å—Ç–æ –≤–æ–ª–µ–π–±–æ–ª –∏ –Ω–∏—á–µ–≥–æ –ª–∏—à–Ω–µ–≥–æ üôÇ"
64,1181,2024-10-04 21:47:12,5,18,"–î–æ–∂–¥–∞–ª–∏—Å—å, —Ñ–æ—Ç–æ–≥—Ä–∞—Ñ—ã –ø–æ—Å—Ç–∞—Ä–∞–ª–∏—Å—å –Ω–∞ —Å–ª–∞–≤—É –∏ —Å–¥–µ–ª–∞–ª–∏ –æ—Ç–ª–∏—á–Ω—ã–µ –∫–∞–¥—Ä—ã, –Ω–æ–≤–∞—è –ø–∞—Ä—Ç–∏—è –∫–æ–Ω—Ç–µ–Ω—Ç–∞ –∏–∑ –ï–ö–ë, —Å —Ä–∞–∑–±–∏–≤–∫–æ–π –Ω–∞ 2 –±–ª–æ–∫–∞, –ø–µ—Ä–≤—ã–π –≤–∞—à–µ–º—É –≤–Ω–∏–º–∞–Ω–∏—é:"
65,1178,2024-09-17 22:53:28,2,39,"–í–æ—Ç –∏ –ø—Ä–æ—à–ª–∏ —Å–æ—Ä–µ–≤–Ω–æ–≤–∞–Ω–∏—è –º–µ–∂–¥—É —Ñ–∏–ª–∏–∞–ª–∞–º–∏ –±–∞–Ω–∫–∞ –ø–æ —Ñ—É—Ç–±–æ–ª—É –∏ –≤–æ–ª–µ–π–±–æ–ª—É –≤ –≥–æ—Ä–æ–¥–µ –ï–∫–∞—Ç–µ—Ä–∏–Ω–±—É—Ä–≥, –Ω–µ—Å–º–æ—Ç—Ä—è –Ω–∞ —Ä–µ–∑—É–ª—å—Ç–∞—Ç, –æ—Å—Ç–∞–ª–∏—Å—å –æ–¥–Ω–∏ –ø–æ–ª–æ–∂–∏—Ç–µ–ª—å–Ω—ã–µ —ç–º–æ—Ü–∏–∏, –æ—Ç –≥–æ—Ä–æ–¥–∞, –æ—Ä–≥–∞–Ω–∏–∑–∞—Ü–∏–∏, –∏–≥—Ä—ã –∏ –æ–±—â–µ–π –∞—Ç–º–æ—Å—Ñ–µ—Ä—ã —Å–ø–ª–æ—á—ë–Ω–Ω–æ—Å—Ç–∏ –∏ –µ–¥–∏–Ω—Å—Ç–≤–∞. –ë–æ–ª—å—à–æ–µ —Å–æ–±—ã—Ç–∏–µ, –∫–æ—Ç–æ—Ä–æ–µ –æ—Å—Ç–∞–Ω–µ—Ç—Å—è –≤ –ø–∞–º—è—Ç–∏ –Ω–∞ –≤—Å—é –∂–∏–∑–Ω—å, —É –≤—Å–µ—Ö –∫—Ç–æ —É—á–∞—Å—Ç–≤–æ–≤–∞–ª –≤ –¥–∞–Ω–Ω–æ–º –º–µ—Ä–æ–ø—Ä–∏—è—Ç–∏–∏. –ï—Å—Ç—å –∫—É–¥–∞ —Ä–∞—Å—Ç–∏, –≤ —Å–ª–µ–¥—É—é—â–µ–º –≥–æ–¥—É –º—ã –µ—â—ë —Å–≤–æ—ë –≤–æ–∑—å–º–µ–º üòâ"
66,1177,2024-09-16 11:36:10,1,60,[–¢–µ–∫—Å—Ç –æ—Ç—Å—É—Ç—Å—Ç–≤—É–µ—Ç]
67,1176,2024-09-12 00:06:08,4,5,–ö–∞–∫ –≤—Å–µ–≥–¥–∞ –º–æ—â–Ω–æ üí™
68,1172,2024-08-26 23:19:28,1,7,"–ö—Ä–∞–π–Ω–µ –Ω–µ–æ–±—ã—á–Ω–∞—è –≤—Å—Ç–∞–≤–∫–∞ —Ç–∏—Ç—Ä–æ–≤, –æ–±—ã–≥—Ä–∞–ª–∏ –Ω–µ –ø—Ä–æ—Å—Ç–æ –≥–µ–Ω–∏–∞–ª—å–Ω–æ, –∞ —è –±—ã —Å–∫–∞–∑–∞–ª —Å –æ–ø—Ä–µ–¥–µ–ª—ë–Ω–Ω—ã–º —à–∞—Ä–º–æ–º, —Ç–æ—Ç –º–æ–º–µ–Ω—Ç, –∫–æ–≥–¥–∞ —Ç–∏—Ç—Ä—ã —Å–º–æ—Ç—Ä–µ—Ç—å –Ω–µ —Å–∫—É—á–Ω–æ, –∞ —Å–∞–º –∏—Ö –ø–æ–∫–∞–∑ –∏–Ω—Ç–µ–≥—Ä–∏—Ä–æ–≤–∞–Ω –≤ –ø—Ä–æ–∏–∑–≤–µ–¥–µ–Ω–∏–µ,  —Å—Ä–∞–∑—É –ø–æ–Ω—è—Ç–Ω–æ, –ø–æ—á–µ–º—É –¥–∞–Ω–Ω—ã–π —Ñ–∏–ª—å–º —É–∂–µ —Å–æ–±—Ä–∞–ª —Å–µ—Ä—å–µ–∑–Ω—É—é –∫–∞—Å—Å—É, —Ç–∞–∫ –∏ –µ—â–µ –≤—Å—Ç–∞–≤–∏–ª–∏ —É–∂–µ –Ω–∞—à—É–º–µ–≤—à–∏–π —Ç–∞–Ω–µ—Ü, –ø–æ–¥ —Ö–∏—Ç–æ–≤—ã–π —Ç—Ä–µ–∫,  –æ–¥–Ω–∏–º —Å–ª–æ–≤–æ–º, —Å–º–æ—Ç—Ä–∏–º –∏ –Ω–∞—Å–ª–∞–∂–¥–∞–µ–º—Å—è üòÅ"
69,1168,2024-08-17 23:44:51,6,14,"–£–∂–µ –¥–∞–≤–Ω–æ –Ω–µ –±—ã–ª–æ –ø—Ä–∞–∫—Ç–∏–∫–∏, –∫–ª–∞—Å—Å–Ω–æ –ø—Ä–æ–≤—ë–ª –≤—Ä–µ–º—è –≤ —Ç–∏—Ä–µ, –æ—Å—Ç–∞–ª–∏—Å—å –æ–¥–Ω–∏ –ø–æ–ª–æ–∂–∏—Ç–µ–ª—å–Ω—ã–µ —ç–º–æ—Ü–∏–∏ üëç"
70,1163,2024-07-27 22:00:12,6,16,[id146226190|–°–µ—Ä–≥–µ–π –ö–∞–∑–∞–∫–æ–≤] —É–∂–µ —Ç—Ä–∞–¥–∏—Ü–∏—è üòÅ
71,1159,2024-07-20 23:27:01,6,4,–¢—É–º–∞–Ω
72,1149,2024-06-12 18:32:05,3,19,[–¢–µ–∫—Å—Ç –æ—Ç—Å—É—Ç—Å—Ç–≤—É–µ—Ç]
73,1143,2024-05-03 21:33:19,5,25,[–¢–µ–∫—Å—Ç –æ—Ç—Å—É—Ç—Å—Ç–≤—É–µ—Ç]
74,1141,2024-04-20 10:47:45,6,5,üëè
75,1137,2024-04-03 21:45:35,3,21,[–¢–µ–∫—Å—Ç –æ—Ç—Å—É—Ç—Å—Ç–≤—É–µ—Ç]
76,1136,2024-03-27 21:06:45,3,32,"–í–æ—Ç –∏ –ø–æ–¥–æ—à–µ–ª –∫ –∫–æ–Ω—Ü—É –∑–∏–º–Ω–∏–π —á–µ–º–ø–∏–æ–Ω–∞—Ç –≤ –≤—ã—Å—à–µ–º –¥–∏–≤–∏–∑–∏–æ–Ω–µ –í–õ–ú–§. –ó–∞–¥–∞—á–∞ –±—ã–ª–∞ –≤–æ–π—Ç–∏ –≤ —Ç–æ–ø 5 –∏ –æ–Ω–∞ –±—ã–ª–∞ –≤—ã–ø–æ–ª–Ω–µ–Ω–∞, 4 –º–µ—Å—Ç–æ –Ω–∞—à–µ ! –ú–Ω–æ–≥–∏–µ –Ω–∞—à–∏ –ø—Ä–æ—Ç–∏–≤–Ω–∏–∫–∏ —Å—É–ª–∏–ª–∏ –Ω–∞–º –≤—ã–ª–µ—Ç –≤ –ø–µ—Ä–≤–æ–º –∂–µ —Å–µ–∑–æ–Ω–µ –≤—ã—à–∫–∏, –æ–¥–Ω–∞–∫–æ –º—ã —Å–æ–±—Ä–∞–ª–∏ –º–æ–ª–æ–¥–æ–π, —Å—ã–≥—Ä–∞–Ω–Ω—ã–π –∏ –±–æ–µ–≤–æ–π –∫–æ–ª–ª–µ–∫—Ç–∏–≤, –≤ –∫–æ—Ç–æ—Ä–æ–º –∫–∞–∂–¥—ã–π –±—å—é—Ç—Å—è –¥—Ä—É–≥ –∑–∞ –¥—Ä—É–≥–∞, –Ω–µ —Ç–æ–ª—å–∫–æ –Ω–∞ —Å–ª–æ–≤–∞—Ö, –Ω–æ –∏ –Ω–∞ –¥–µ–ª–µ –¥–æ–∫–∞–∑–∞–ª–∏ –≤—Å–µ–º, –≤–∫–ª—é—á–∞—è —Å–∞–º–∏—Ö —Å–µ–±—è, —á—Ç–æ –º–æ–∂–µ–º –∏–≥—Ä–∞—Ç—å —Å –ª—é–±—ã–º —Å–æ–ø–µ—Ä–Ω–∏–∫–æ–º, –Ω–∞–≤—è–∑—ã–≤–∞—Ç—å –±–æ—Ä—å–±—É –∏ –æ–¥–µ—Ä–∂–∏–≤–∞—Ç—å —É–≤–µ—Ä–µ–Ω—ã–µ –ø–æ–±–µ–¥—ã. –ù–µ–±–æ–ª—å—à–∞—è –ø–∞—É–∑–∞ –∏ —Å—Ç–∞—Ä—Ç—É–µ—Ç –ª–µ—Ç–Ω–∏–π —á–µ–º–ø–∏–æ–Ω–∞—Ç, –≥–æ—Ç–æ–≤–∏–º—Å—è –ø–æ–ø–∞–¥–∞—Ç—å –∫–∞–∫ –º–∏–Ω–∏–º—É–º –≤ 4-–∫—É –∏ —Ä–∞–∑—ã–≥—Ä—ã–≤–∞—Ç—å –ø—É—Ç–µ–≤–∫—É –≤ –°–æ—á–∏ –Ω–∞ —á–µ–º–ø–∏–æ–Ω–∞—Ç –†–æ—Å—Å–∏–∏ 8x8. –£–≤–µ—Ä–µ–Ω –Ω–∞–º —ç—Ç–æ –ø–æ —Å–∏–ª–∞–º. –ü–æ–±–µ–¥–∞ –±—É–¥–µ—Ç –∑–∞ –Ω–∞–º–∏. –û–¥–∏–Ω –∑–∞ –≤—Å–µ—Ö –∏ –≤—Å–µ –∑–∞ –ö–∞–∑–∞—á–æ–∫ ! ÔøºÔøºÔøºÔøº‚úä"
77,1132,2024-03-24 20:41:29,7,13,"–†–µ—à–∏–ª —Å–¥–µ–ª–∞—Ç—å –ø–æ–¥–æ–±–Ω—ã–π –≤–∏–¥–æ—Å, –ø–æ–ª—É—á–∏–ª–æ—Å—å –Ω–µ–ø–ª–æ—Ö–æ) –í–æ–ª–µ–π–±–æ–ª üèê"
78,1130,2024-02-17 15:26:09,6,1,üî•
79,1129,2024-02-13 22:54:25,2,49,–ù–æ–≤–∞—è —Ñ–æ—Ä–º–∞ - –ø–æ–±–µ–¥–∞ - –ì–∞–∑–ø—Ä–æ–º–±–∞–Ω–∫ !
80,1128,2024-01-22 20:15:18,1,18,"–í–æ–ª–µ–π–±–æ–ª—å–Ω–∞—è –¥—Ä–∏–º —Ç–∏–º ) 
–ñ–¥—ë–º —Ñ–æ—Ä–º—É, —á—Ç–æ–±—ã –±—ã—Ç—å –Ω–∞ —Å—Ç–∏–ª–µ üòâ"
81,1112,2023-11-11 21:58:21,6,4,"–†–æ–ª–∏–∫–∏ —Å –∏–Ω—Å—Ç—ã –¥–æ–±—Ä–∞–ª–∏—Å—å –∏ –¥–æ –í–ö 
–î–∞–≤–Ω–æ –Ω–µ –±—ã–ª –Ω–∞ —Å—Ç—Ä–µ–ª—å–±–∞—Ö, –ø–æ—Ä–∞ –±—ã —Å—ä–µ–∑–¥–∏—Ç—å)"
82,1110,2023-10-28 02:34:57,6,23,[–¢–µ–∫—Å—Ç –æ—Ç—Å—É—Ç—Å—Ç–≤—É–µ—Ç]
83,1109,2023-10-28 02:28:24,6,26,"–í–æ—Ç –∏ –ø–æ–¥–æ—à–µ–ª –∫ –∫–æ–Ω—Ü—É –æ—á–µ—Ä–µ–¥–Ω–æ–π —Å–µ–∑–æ–Ω, –≤—ã–ø–æ–ª–Ω–∏–ª–∏ –ø–æ—Å—Ç–∞–≤–ª–µ–Ω–Ω—ã–π –ø–ª–∞–Ω, –∑–∞–Ω—è–ª–∏ 2-–µ –º–µ—Å—Ç–æ –∏ –≤—ã—à–ª–∏ –≤ 1-–π –¥–∏–≤–∏–∑–∏–æ–Ω
–ö–∞–∑–∞—á–æ–∫ - —ç—Ç–æ –Ω–µ –ø—Ä–æ—Å—Ç–æ –∫–æ–ª–ª–µ–∫—Ç–∏–≤, —ç—Ç–æ —É–∂–µ –Ω–∞—Å—Ç–æ—è—â–∞—è —Å–µ–º—å—è ‚ù§Ô∏èüñ§ –¥–∞–ª—å—à–µ –±–æ–ª—å—à–µ üòâ
–û–¥–∏–Ω –∑–∞ –≤—Å–µ—Ö –∏ –≤—Å–µ –∑–∞ –ö–∞–∑–∞—á–æ–∫ !)"
84,1105,2023-07-23 14:57:22,7,31,[–¢–µ–∫—Å—Ç –æ—Ç—Å—É—Ç—Å—Ç–≤—É–µ—Ç]
85,1104,2023-07-23 13:12:54,7,13,"–ù–µ–π—Ä–æ—Å–µ—Ç—å –ø–æ—Å—Ç–∞—Ä–∞–ª–∞—Å—å, –∫–∞–∫–∞—è —Å–∞–º–∞—è –ª—É—á—à–∞—è ü§î"
86,1103,2023-07-10 19:43:13,1,14,"–í —ç—Ç–æ –≤–æ—Å–∫—Ä–µ—Å–µ–Ω—å–µ –±—ã–ª–∞ —Å–∞–º–∞—è –Ω–µ—Å—Ç–∞–Ω–¥–∞—Ä—Ç–Ω–∞—è  –∏–≥—Ä–∞ –∑–∞ –ø–æ—Å–ª–µ–¥–Ω–µ–µ –≤—Ä–µ–º—è, –õ–æ–Ω–¥–æ–Ω—Å–∫–∞—è –∞—Ç–º–æ—Å—Ñ–µ—Ä–∞, –ª–∏–≤–µ–Ω—å, –ª—É–∂–∏, –¥–æ–∂–¥—å, –º–æ—Ä–µ –º–æ–º–µ–Ω—Ç–æ–≤, –±–æ—Ä—å–±–∞ –Ω–∞ –∫–∞–∂–¥–æ–º —É—á–∞—Å—Ç–∫–µ –ø–æ–ª—è –∏ –Ω–µ –∑–∞–∫–æ–Ω–æ–º–µ—Ä–Ω—ã–µ –Ω—É–ª–∏ –Ω–∞ —Ç–∞–±–ª–æ - –æ–¥–Ω–∏–º —Å–ª–æ–≤–æ–º –Ω–µ–æ–±—ã—á–Ω—ã–π —ç–∫—Å–ø–∏—Ä–∏–µ–Ω—Å üòÑ"
87,1102,2023-06-19 11:10:11,1,2,[–¢–µ–∫—Å—Ç –æ—Ç—Å—É—Ç—Å—Ç–≤—É–µ—Ç]
91,1098,2023-05-01 01:28:42,1,14,"–í—ã–ø–æ–ª–Ω–∏–ª–∏ —Ü–µ–ª–∏ –Ω–∞ —Å–µ–∑–æ–Ω, –∑–∞–Ω—è–ª–∏ 3 –º–µ—Å—Ç–æ –∏ –≤—ã—à–ª–∏ –≤–æ 2-–π –¥–∏–≤–∏–∑–∏–æ–Ωüëå
–≠—Ç–æ —Ç–æ—Ç —Å–ª—É—á–∞–π, –∫–æ–≥–¥–∞ —Ä–µ–∑—É–ª—å—Ç–∞—Ç –ø—Ä–µ–≤–∑–æ—à–µ–ª –æ–∂–∏–¥–∞–Ω–∏—è, –∫–æ—Ç–æ—Ä—ã–µ –≤ –Ω–∞—á–∞–ª–µ –¥–∞–Ω–Ω–æ–≥–æ –∑–∏–º–Ω–µ–≥–æ —Å–µ–∑–æ–Ω–∞ –±—ã–ª–∏ —Ç—É–º–∞–Ω–Ω—ã–µ, —É—à–µ–ª –≥–µ–Ω–µ—Ä–∞–ª—å–Ω—ã–π —Å–ø–æ–Ω—Å–æ—Ä, –∫–ª—é—á–µ–≤—ã–µ –∏–≥—Ä–æ–∫–∏, –æ–¥–Ω–∞–∫–æ –≤–µ—Ä–∞ –≤—Å–µ–≥–¥–∞ –∂–∏–ª–∞, —Å–æ–±—Ä–∞–ª—Å—è –º–æ–ª–æ–¥–æ–π, –ø–µ—Ä—Å–ø–µ–∫—Ç–∏–≤–Ω—ã–π, –¥—Ä—É–∂–Ω—ã–π –∫–æ–ª–ª–µ–∫—Ç–∏–≤, –Ω–∞—Å—Ç–æ—è—â–∞—è –∫–æ–º–∞–Ω–¥–∞, —Ü–µ–ª–∞—è —Å–µ–º—å—è. –ü–æ–ª—É—á–µ–Ω–Ω—ã–π —Ä–µ–∑—É–ª—å—Ç–∞—Ç ‚Äî –∑–∞—Å–ª—É–≥–∞ –≤—Å–µ—Ö –ø—Ä–∏—á–∞—Å—Ç–Ω—ã—Ö –∫ –ø—Ä–æ–µ–∫—Ç—É –ª—é–¥–µ–π, –∏—Ö —Å–ª–∞–∂–µ–Ω–Ω–∞—è —Ä–∞–±–æ—Ç–∞ –∏ —Å—Ç—Ä–µ–º–ª–µ–Ω–∏–µ –∫ —Ä–∞–∑–≤–∏—Ç–∏—é, –∫ –¥–æ—Å—Ç–∏–∂–µ–Ω–∏—é –ø–æ—Å—Ç–∞–≤–ª–µ–Ω–Ω—ã—Ö —Ü–µ–ª–µ–π. 
–ù—É –∏ –ø–æ –∫–ª–∞—Å—Å–∏–∫–µ –Ω–µ–ª—å–∑—è –∑–∞–∫–æ–Ω—á–∏—Ç—å –ø–æ—Å—Ç –±–µ–∑ –¥–∞–Ω–Ω–æ–≥–æ, —É–∂–µ —É—Å—Ç–æ–π—á–∏–≤–æ–≥–æ –≤—ã—Ä–∞–∂–µ–Ω–∏—è : 
¬´–û–¥–∏–Ω –∑–∞ –≤—Å–µ—Ö –∏ –≤—Å–µ –∑–∞ –ö–∞–∑–∞—á–æ–∫!¬ª 
–î–∞–ª—å—à–µ –±–æ–ª—å—à–µ üòâ"
92,1097,2023-04-30 12:40:34,7,4,"–í—Ç–æ—Ä–æ–µ –ø—Ä–æ–∏–∑–≤–µ–¥–µ–Ω–∏–µ üòÑ
–°–º–æ—Ç—Ä–∏–º –∏ –æ—Ü–µ–Ω–∏–≤–∞–µ–º üòâ"
93,1094,2023-01-06 20:42:00,5,17,"–õ–µ—Ç–æ–ø–∏—Å—å –§–ö –ö–∞–∑–∞—á–æ–∫ 2022 –≥. 
–§—É—Ç–±–æ–ª ‚Äî —ç—Ç–æ –∂–∏–∑–Ω—å, –±—ã–≤–∞—é—Ç –∫–∞–∫ –≤–∑–ª–µ—Ç—ã, —Ç–∞–∫ –∏ –ø–∞–¥–µ–Ω–∏—è, –≤ –¥–∞–Ω–Ω–æ–º –≤–∏–¥–µ–æ —è –ø–æ—Å—Ç–∞—Ä–∞–ª—Å—è —É–º–µ—Å—Ç–∏—Ç—å –≤—Å–µ —ç—Ç–∞–ø—ã —Å—Ç–∞–Ω–æ–≤–ª–µ–Ω–∏—è –∫–ª—É–±–∞. –°–∫–∞–∂—É —Ç–æ–ª—å–∫–æ –æ–¥–Ω–æ, —è –≤–µ—Ä—é –≤ –¥–∞–ª—å–Ω–µ–π—à–µ–µ —Ä–∞–∑–≤–∏—Ç–∏–µ, –∫ —Å–æ–∂–∞–ª–µ–Ω–∏—é –º—ã –Ω–µ –º–æ–∂–µ–º –∑–∞–≥–ª—è–Ω—É—Ç—å –≤ –±—É–¥—É—â–µ–µ, –æ–¥–Ω–∞–∫–æ –º—ã –º–æ–∂–µ–º –µ–≥–æ –¥–µ–ª–∞—Ç—å –∑–¥–µ—Å—å –∏ —Å–µ–π—á–∞—Å, –≤ –º–æ–º–µ–Ω—Ç–µ. –û–¥–∏–Ω –∑–∞ –≤—Å–µ—Ö - –∏ –≤—Å–µ –∑–∞ –ö–∞–∑–∞—á–æ–∫! 
–ê –∫–∞–∫ –≤—Å–µ —Å–ª–æ–∂–∏—Ç—Å—è, –ø–æ–∫–∞–∂–µ—Ç –≤—Ä–µ–º—è, —Å–º–æ—Ç—Ä–∏–º –∏ –∫–∞–π—Ñ—É–µ–º üòé üëáüëáüëá"
94,1092,2022-12-24 00:45:34,6,11,–í–æ—Ç –≤—Ä–µ–º–µ–Ω–∞ –±—ã–ª–∏‚Ä¶
95,1090,2022-11-20 22:42:43,7,3,ü§òüèª
96,1089,2022-11-18 10:32:32,5,2,[–¢–µ–∫—Å—Ç –æ—Ç—Å—É—Ç—Å—Ç–≤—É–µ—Ç]
97,1087,2022-11-12 11:28:48,6,1,üëç
98,1086,2022-11-05 21:13:11,6,3,üëå
99,1085,2022-10-31 18:33:07,1,10,"–ü–µ—Ä–≤–∞—è –∫–∞—Ä—Ç–∏–Ω–∞ –Ω–∞—á–∏–Ω–∞—é—â–µ–≥–æ —Ä–µ–∂–∏—Å—Å–µ—Ä–∞ –Ø—Ä–æ—Å–ª–∞–≤–∞ –ü–æ–ø–æ–≤–∞ –∏ –º–æ—è —Ä–æ–ª—å ¬´–æ—Ä—É–∂–µ–π–Ω–∏–∫–∞¬ª 
–í—ã—à–ª–æ –Ω–µ–ø–ª–æ—Ö–æ üëå 
üòÑüòÑüòÑ"
100,1084,2022-10-22 18:04:04,6,4,üí™üèºüí™üèºüí™üèº
101,1083,2022-10-05 21:47:37,3,1,–ü–µ—Å–Ω—è —à–µ–¥–µ–≤—Ä –∫–æ–Ω–µ—á–Ω–æ üëå
102,1078,2022-07-31 21:45:33,7,35,[–¢–µ–∫—Å—Ç –æ—Ç—Å—É—Ç—Å—Ç–≤—É–µ—Ç]
103,1072,2022-07-07 12:58:19,4,19,"–ó–∞ –Ω–µ–±–æ–ª—å—à–æ–π –ø–µ—Ä–∏–æ–¥ [club169570833|–§–ö ¬´–ö–∞–∑–∞—á–æ–∫¬ª –í–æ—Ä–æ–Ω–µ–∂ | FC Kazatchok] –ø—Ä–æ—à—ë–ª –ø—É—Ç—å –æ—Ç –∫–æ–º–∞–Ω–¥—ã, –∫–æ—Ç–æ—Ä–∞—è –ø—Ä–æ–∏–≥—Ä—ã–≤–∞–µ—Ç –≤ –∫–∞–∂–¥–æ–º –º–∞—Ç—á–µ, –¥–æ –±–æ–µ—Å–ø–æ—Å–æ–±–Ω–æ–≥–æ –∫–æ–ª–ª–µ–∫—Ç–∏–≤–∞, –≥–æ—Ç–æ–≤–æ–≥–æ –¥–∞—Ç—å –±–æ–π –ª—é–±–æ–º—É —Å–æ–ø–µ—Ä–Ω–∏–∫—É –∏ –Ω–µ —Ç–æ–ª—å–∫–æ –Ω–∞ —Ñ—É—Ç–±–æ–ª—å–Ω–æ–º –ø–æ–ª–µ. –ó–∞ —Å—Ç–æ–ª—å –∫–æ—Ä–æ—Ç–∫–æ–µ –≤—Ä–µ–º—è –∫–ª—É–± –æ–±—ä–µ–¥–∏–Ω–∏–ª –≤–æ–∫—Ä—É–≥ —Å–µ–±—è –µ–¥–∏–Ω–æ–º—ã—à–ª–µ–Ω–Ω–∏–∫–æ–≤, –Ω–µ–æ–±—ã–∫–Ω–æ–≤–µ–Ω–Ω—ã—Ö –ª–∏—á–Ω–æ—Å—Ç–µ–π, –≥–æ—Ç–æ–≤—ã—Ö —Ç–æ–ª–∫–∞—Ç—å –ö–∞–∑–∞—á–æ–∫ –∫ –Ω–æ–≤—ã–º –≤–µ—Ä—à–∏–Ω–∞–º! –í–º–µ—Å—Ç–µ –º—ã —Å–∏–ª–∞ üí™ –∏ —É–≤–µ—Ä–µ–Ω, —á—Ç–æ –≥–ª–∞–≤–Ω—ã–µ —Å–≤–µ—Ä—à–µ–Ω–∏—è –∏ –¥–æ—Å—Ç–∏–∂–µ–Ω–∏—è –∫–ª—É–±–∞ –µ—â—ë –≤–ø–µ—Ä–µ–¥–∏! [id146226190|–°–µ—Ä–≥–µ–π –ö–∞–∑–∞–∫–æ–≤] [id158340846|–°–≤–µ—Ç–ª–∞–Ω–∞ –ü–∞–ø—É—à–Ω–∏–∫–æ–≤–∞] [id447537068|Julia Pavlova] [id163123205|–°–µ—Ä–≥–µ–π –î–æ–±—Ä–æ–≤–æ–ª—å—Å–∫–∏–π] [id455851517|–í–∏–æ–ª–µ—Ç—Ç–∞ –ò–¥–ª–∏–Ω] [id53028296|Alexander Kopytin] –∏ —ç—Ç–æ –¥–∞–ª–µ–∫–æ –Ω–µ –ø–æ–ª–Ω—ã–π —Å–ø–∏—Å–æ–∫ –∏–º—ë–Ω, –ø—Ä–∏—á–∞—Å—Ç–Ω—ã—Ö –∫ —Å–æ–≤–µ—Ä—à–µ–Ω—Å—Ç–≤–æ–≤–∞–Ω–∏—é [club169570833|–§–ö ¬´–ö–∞–∑–∞—á–æ–∫¬ª –í–æ—Ä–æ–Ω–µ–∂ | FC Kazatchok]. –î–∞–ª—å—à–µ ‚Äî–±–æ–ª—å—à–µ üòâ —ç—Ç–∞ –∏—Å—Ç–æ—Ä–∏—è —Ç–æ–ª—å–∫–æ –Ω–∞—á–∏–Ω–∞–µ—Ç—Å—è!"
104,1068,2022-07-03 17:38:03,7,30,[–¢–µ–∫—Å—Ç –æ—Ç—Å—É—Ç—Å—Ç–≤—É–µ—Ç]
105,1067,2022-06-12 12:50:17,7,0,[–¢–µ–∫—Å—Ç –æ—Ç—Å—É—Ç—Å—Ç–≤—É–µ—Ç]
106,1064,2022-05-10 01:07:36,2,30,[–¢–µ–∫—Å—Ç –æ—Ç—Å—É—Ç—Å—Ç–≤—É–µ—Ç]
107,1062,2022-04-23 21:57:55,6,5,"–ù–∞–¥–µ—é—Å—å –≤–∑–∞–∏–º–æ–æ—Ç–Ω–æ—à–µ–Ω–∏—è –Ω–∞–ª–∞–¥—è—Ç—Å—è, –¥–∞–∂–µ –Ω–µ—Å–º–æ—Ç—Ä—è –Ω–∞ —Ç–∞–∫–æ–π —à–∞–≥ —Å–æ —Å—Ç–æ—Ä–æ–Ω—ã –∫–ª—É–±–∞ - —ç—Ç–æ—Ç –ø–µ—Ä–∏–æ–¥ –±—ã–ª –∫—Ä—É—Ç—ã–º –∏ –∑–∞–ø–æ–º–Ω–∏—Ç—Å—è –Ω–∞–≤—Å–µ–≥–¥–∞!"
108,1061,2022-04-23 21:49:14,6,2,Desert Rose
109,1060,2022-04-09 22:25:57,6,12,–ö–æ—Ä–ø–æ—Ä–∞—Ç–∏–≤ –≤ –±–∞–Ω–∫–µ –£–†–ê–õ–°–ò–ë –ø—Ä–æ—à—ë–ª —É—Å–ø–µ—à–Ω–æ! –ú–∞–ª—ã–π –±–∏–∑–Ω–µ—Å —Ä—É–ª–∏—Ç )
110,1056,2022-04-02 23:22:24,6,18,[–¢–µ–∫—Å—Ç –æ—Ç—Å—É—Ç—Å—Ç–≤—É–µ—Ç]
111,1053,2022-03-16 14:36:57,3,6,–û—Ç–≤–µ—Ç–Ω—ã–µ –º–µ—Ä—ã )
112,1050,2022-01-06 16:54:19,4,1,[–¢–µ–∫—Å—Ç –æ—Ç—Å—É—Ç—Å—Ç–≤—É–µ—Ç]
113,1048,2021-12-25 15:57:23,6,23,[–¢–µ–∫—Å—Ç –æ—Ç—Å—É—Ç—Å—Ç–≤—É–µ—Ç]
114,1043,2021-02-22 19:02:17,1,34,[–¢–µ–∫—Å—Ç –æ—Ç—Å—É—Ç—Å—Ç–≤—É–µ—Ç]
115,1042,2021-02-22 18:58:26,1,6,–ö–æ–≥–¥–∞ –≤—ã–±–∏–≤–∞–µ—à—å —Å—Ç—Ä–∞–π–∫–∏)
116,1041,2021-01-17 20:37:41,7,7,[–¢–µ–∫—Å—Ç –æ—Ç—Å—É—Ç—Å—Ç–≤—É–µ—Ç]
117,1013,2019-08-04 11:32:29,7,65,[–¢–µ–∫—Å—Ç –æ—Ç—Å—É—Ç—Å—Ç–≤—É–µ—Ç]
118,1012,2019-07-26 12:00:58,5,14,[–¢–µ–∫—Å—Ç –æ—Ç—Å—É—Ç—Å—Ç–≤—É–µ—Ç]
119,1010,2019-06-24 06:36:57,1,4,[–¢–µ–∫—Å—Ç –æ—Ç—Å—É—Ç—Å—Ç–≤—É–µ—Ç]
120,998,2019-04-03 20:37:33,3,9,–ü–æ–¥–ø–∏—à–∏—Ç–µ –ø–µ—Ç–∏—Ü–∏—é
121,956,2018-07-17 12:41:57,2,40,[–¢–µ–∫—Å—Ç –æ—Ç—Å—É—Ç—Å—Ç–≤—É–µ—Ç]
122,952,2018-07-01 22:29:16,7,3,[–¢–µ–∫—Å—Ç –æ—Ç—Å—É—Ç—Å—Ç–≤—É–µ—Ç]
123,911,2017-12-27 20:29:29,3,3,–†–∞–∑–¥–µ–ª–∏—Ç–µ —Å –¥—Ä—É–∑—å—è–º–∏ –∏—Ç–æ–≥–∏ –≥–æ–¥–∞
124,819,2016-07-31 23:04:52,7,133,[–¢–µ–∫—Å—Ç –æ—Ç—Å—É—Ç—Å—Ç–≤—É–µ—Ç]
125,645,2014-08-31 12:10:09,7,10,[–¢–µ–∫—Å—Ç –æ—Ç—Å—É—Ç—Å—Ç–≤—É–µ—Ç]
126,637,2014-07-27 22:11:08,7,13,[–¢–µ–∫—Å—Ç –æ—Ç—Å—É—Ç—Å—Ç–≤—É–µ—Ç]
127,634,2014-07-06 20:19:28,7,56,[–¢–µ–∫—Å—Ç –æ—Ç—Å—É—Ç—Å—Ç–≤—É–µ—Ç]
128,614,2014-03-23 22:51:00,7,12,[–¢–µ–∫—Å—Ç –æ—Ç—Å—É—Ç—Å—Ç–≤—É–µ—Ç]
129,612,2014-01-18 12:01:58,6,9,[–¢–µ–∫—Å—Ç –æ—Ç—Å—É—Ç—Å—Ç–≤—É–µ—Ç]
130,611,2014-01-07 19:05:08,2,1,http://youtu.be/jDwwO6BBj_E
131,610,2014-01-04 17:05:58,6,8,–ù–∞ –∫–∞—Ç–∫–µ
132,605,2013-12-24 19:01:12,2,7,–≠—Ç–æ –Ω–æ—Ä–º–∞.
133,596,2013-11-04 11:46:58,1,29,[–¢–µ–∫—Å—Ç –æ—Ç—Å—É—Ç—Å—Ç–≤—É–µ—Ç]
134,574,2013-08-20 12:39:55,2,7,[–¢–µ–∫—Å—Ç –æ—Ç—Å—É—Ç—Å—Ç–≤—É–µ—Ç]
135,568,2013-06-23 20:19:12,7,26,[–¢–µ–∫—Å—Ç –æ—Ç—Å—É—Ç—Å—Ç–≤—É–µ—Ç]
136,552,2013-05-09 16:01:04,4,1,[–¢–µ–∫—Å—Ç –æ—Ç—Å—É—Ç—Å—Ç–≤—É–µ—Ç]
137,543,2013-03-26 00:42:42,2,3,[–¢–µ–∫—Å—Ç –æ—Ç—Å—É—Ç—Å—Ç–≤—É–µ—Ç]
138,537,2013-03-03 21:10:21,7,14,[–¢–µ–∫—Å—Ç –æ—Ç—Å—É—Ç—Å—Ç–≤—É–µ—Ç]
